Transaction Hash,Status,Method,BlockNo,DateTime (UTC),From,From_Nametag,To,To_Nametag,Amount,Value (USD),Token
"0x8539fa0563a472f9a41bdf99a158750d34d0ff0a2079501063d250777a9a4dc6","Success","Transfer From","69315731","2025-03-21 09:42:09","0xb9Ef76999e9A4Df282A5CFBD263053CCe6fd279C","0xb94FC0e2F922daBFDa11710dEC17AF194","0x38Cb1b3BD9779b4AFc9144854Dd0e71E47D000CA","","100","$0.00","<img src='/assets/poly/images/svg/empty-token.svg?v=25.3.2.1' width='18' height='18' class='rounded-circle'>ERC-20: SEB...ken"
"0x28ad521e61c96ade68580820f0cd0dbc7e6865b8b1282524ac7c2fe955ae8f7c","Success","Transfer From","69309378","2025-03-21 05:54:17","0xb9Ef76999e9A4Df282A5CFBD263053CCe6fd279C","0xb94FC0e2F922daBFDa11710dEC17AF194","0x0E076e57C31D77B6Bff60C3a01dDDF17C83d04e1","","1","$0.00","<img src='/assets/poly/images/svg/empty-token.svg?v=25.3.2.1' width='18' height='18' class='rounded-circle'>ERC-20: VIL...ken"
"0xd6e0e50b8f28cb683502291a176680a12fb84de3c31bcad947560dfa94536086","Success","Transfer From","69309378","2025-03-21 05:54:17","0xb9Ef76999e9A4Df282A5CFBD263053CCe6fd279C","0xb94FC0e2F922daBFDa11710dEC17AF194","0x0E076e57C31D77B6Bff60C3a01dDDF17C83d04e1","","1","$0.00","<img src='/assets/poly/images/svg/empty-token.svg?v=25.3.2.1' width='18' height='18' class='rounded-circle'>ERC-20: RILLA"
"0x2b6e1b54ad03080d2d6518fd0941854898d777858e6b47c4ffaa3bf0381186cc","Success","Transfer From","69309377","2025-03-21 05:54:15","0xb9Ef76999e9A4Df282A5CFBD263053CCe6fd279C","0xb94FC0e2F922daBFDa11710dEC17AF194","0x0E076e57C31D77B6Bff60C3a01dDDF17C83d04e1","","1","$0.00","<img src='/assets/poly/images/svg/empty-token.svg?v=25.3.2.1' width='18' height='18' class='rounded-circle'>ERC-20: KUR...ken"
"0xf0334ddbd442a1509ea0bfd8f140f6efe11001f91a0ed2c4791b57691334456a","Success","Transfer From","69309377","2025-03-21 05:54:15","0xb9Ef76999e9A4Df282A5CFBD263053CCe6fd279C","0xb94FC0e2F922daBFDa11710dEC17AF194","0x0E076e57C31D77B6Bff60C3a01dDDF17C83d04e1","","1","$0.00","<img src='/assets/poly/images/svg/empty-token.svg?v=25.3.2.1' width='18' height='18' class='rounded-circle'>ERC-20: ISH...ken"
"0x1f63eee7a14e949e4edb7ada8cb50b0e7ffdf3e1d5304176bdb77366dc22829e","Success","Transfer From","69309377","2025-03-21 05:54:15","0xb9Ef76999e9A4Df282A5CFBD263053CCe6fd279C","0xb94FC0e2F922daBFDa11710dEC17AF194","0x0E076e57C31D77B6Bff60C3a01dDDF17C83d04e1","","1","$0.00","<img src='/assets/poly/images/svg/empty-token.svg?v=25.3.2.1' width='18' height='18' class='rounded-circle'>ERC-20: V&a...;ID"
"0x1ae2bcdc01f07cc8ea2e03437813bbfc9232874f5fe8074bd56713f661f2bec8","Success","Transfer From","69309377","2025-03-21 05:54:15","0xb9Ef76999e9A4Df282A5CFBD263053CCe6fd279C","0xb94FC0e2F922daBFDa11710dEC17AF194","0x0E076e57C31D77B6Bff60C3a01dDDF17C83d04e1","","1","$0.00","<img src='/assets/poly/images/svg/empty-token.svg?v=25.3.2.1' width='18' height='18' class='rounded-circle'>ERC-20: MOS...ken"
"0x1e7788548f6a3b893792c42c4a5de6193d4954b3bce7a968b4d56d1df5042046","Success","Transfer From","69309376","2025-03-21 05:54:13","0xb9Ef76999e9A4Df282A5CFBD263053CCe6fd279C","0xb94FC0e2F922daBFDa11710dEC17AF194","0x0E076e57C31D77B6Bff60C3a01dDDF17C83d04e1","","1","$0.00","<img src='/assets/poly/images/svg/empty-token.svg?v=25.3.2.1' width='18' height='18' class='rounded-circle'>ERC-20: LOS...ken"
"0x11cb4ea3e0f51f9a071e75fe6f4e06a5abe0397cc74117981eefb873d9f6d0e5","Success","Transfer From","69309376","2025-03-21 05:54:13","0xb9Ef76999e9A4Df282A5CFBD263053CCe6fd279C","0xb94FC0e2F922daBFDa11710dEC17AF194","0x0E076e57C31D77B6Bff60C3a01dDDF17C83d04e1","","1","$0.00","<img src='/assets/poly/images/svg/empty-token.svg?v=25.3.2.1' width='18' height='18' class='rounded-circle'>ERC-20: FISH"
"0xc25d3e372de10acf136a344495b542616a1cc28e183f8266e28e60944921c4ed","Success","Transfer From","69309375","2025-03-21 05:54:09","0xb9Ef76999e9A4Df282A5CFBD263053CCe6fd279C","0xb94FC0e2F922daBFDa11710dEC17AF194","0x0E076e57C31D77B6Bff60C3a01dDDF17C83d04e1","","1","$0.00","<img src='/assets/poly/images/svg/empty-token.svg?v=25.3.2.1' width='18' height='18' class='rounded-circle'>ERC-20: SHE...ken"
"0xac4dcbf7e7916776a1d94ec31958f8f3341ce38652e04a6bffc8734b8ae67df4","Success","Transfer From","69309375","2025-03-21 05:54:09","0xb9Ef76999e9A4Df282A5CFBD263053CCe6fd279C","0xb94FC0e2F922daBFDa11710dEC17AF194","0x0E076e57C31D77B6Bff60C3a01dDDF17C83d04e1","","1","$0.00","<img src='/assets/poly/images/svg/empty-token.svg?v=25.3.2.1' width='18' height='18' class='rounded-circle'>ERC-20: am00r"
"0x4ede0f717031d5cfdc3f9fc698f7d57e8583a65fd0a51fe034228d38081f34a6","Success","Multicall","69301183","2025-03-21 01:03:11","0xb9Ef76999e9A4Df282A5CFBD263053CCe6fd279C","0xb94FC0e2F922daBFDa11710dEC17AF194","0xCA3bDc70795758e99a20FD62b0118232f3D39f64","","250","$0.00","<img src='/assets/poly/images/svg/empty-token.svg?v=25.3.2.1' width='18' height='18' class='rounded-circle'>ERC-20: DANK"
"0x4ede0f717031d5cfdc3f9fc698f7d57e8583a65fd0a51fe034228d38081f34a6","Success","Multicall","69301183","2025-03-21 01:03:11","0xb9Ef76999e9A4Df282A5CFBD263053CCe6fd279C","0xb94FC0e2F922daBFDa11710dEC17AF194","0x74cCFd8aa3Ab5F24673829B6E4DFa2BaDE6364E1","","250","$0.00","<img src='/assets/poly/images/svg/empty-token.svg?v=25.3.2.1' width='18' height='18' class='rounded-circle'>ERC-20: DANK"
"0x2411ca68baf2256f964307c897fb8f22e85eb6b733be8f109cc91223b5a24d26","Success","Transfer From","69220740","2025-03-19 01:10:12","0xb9Ef76999e9A4Df282A5CFBD263053CCe6fd279C","0xb94FC0e2F922daBFDa11710dEC17AF194","0x680F6482ff8b8C945b3889D094bae7959C0861aa","","100","$0.00","<img src='/assets/poly/images/svg/empty-token.svg?v=25.3.2.1' width='18' height='18' class='rounded-circle'>ERC-20: JUS...ken"
"0x4cbb862368f4b3d1bba7d37bf13f586a85b142e9b5493f1650f89738fd3c491d","Success","Multicall","69153848","2025-03-17 09:07:19","0xb9Ef76999e9A4Df282A5CFBD263053CCe6fd279C","0xb94FC0e2F922daBFDa11710dEC17AF194","0xd08B10475202c8a7632af78CCD8d9EC9Aad12018","","10","$0.00","<img src='/assets/poly/images/svg/empty-token.svg?v=25.3.2.1' width='18' height='18' class='rounded-circle'>ERC-20: DEF...URY"
"0x4cbb862368f4b3d1bba7d37bf13f586a85b142e9b5493f1650f89738fd3c491d","Success","Multicall","69153848","2025-03-17 09:07:19","0xb9Ef76999e9A4Df282A5CFBD263053CCe6fd279C","0xb94FC0e2F922daBFDa11710dEC17AF194","0xC6Ec8412cfdbdb2471A8213fed8129CcF7Bb3689","","10","$0.00","<img src='/assets/poly/images/svg/empty-token.svg?v=25.3.2.1' width='18' height='18' class='rounded-circle'>ERC-20: DEF...URY"
"0x4cbb862368f4b3d1bba7d37bf13f586a85b142e9b5493f1650f89738fd3c491d","Success","Multicall","69153848","2025-03-17 09:07:19","0xb9Ef76999e9A4Df282A5CFBD263053CCe6fd279C","0xb94FC0e2F922daBFDa11710dEC17AF194","0xD05D008a14297fDc004E241c4f4c673b61Dabb5f","","10","$0.00","<img src='/assets/poly/images/svg/empty-token.svg?v=25.3.2.1' width='18' height='18' class='rounded-circle'>ERC-20: DEF...URY"
"0x4cbb862368f4b3d1bba7d37bf13f586a85b142e9b5493f1650f89738fd3c491d","Success","Multicall","69153848","2025-03-17 09:07:19","0xb9Ef76999e9A4Df282A5CFBD263053CCe6fd279C","0xb94FC0e2F922daBFDa11710dEC17AF194","0xd01e6A8f7B614baeDBba626346a5486f3e3b6EEb","","50","$0.00","<img src='/assets/poly/images/svg/empty-token.svg?v=25.3.2.1' width='18' height='18' class='rounded-circle'>ERC-20: DEF...URY"
"0x4cbb862368f4b3d1bba7d37bf13f586a85b142e9b5493f1650f89738fd3c491d","Success","Multicall","69153848","2025-03-17 09:07:19","0xb9Ef76999e9A4Df282A5CFBD263053CCe6fd279C","0xb94FC0e2F922daBFDa11710dEC17AF194","0xD0136c02C94E56ad0AA68e607A9a5f55de3182ca","","10","$0.00","<img src='/assets/poly/images/svg/empty-token.svg?v=25.3.2.1' width='18' height='18' class='rounded-circle'>ERC-20: DEF...URY"
"0x4cbb862368f4b3d1bba7d37bf13f586a85b142e9b5493f1650f89738fd3c491d","Success","Multicall","69153848","2025-03-17 09:07:19","0xb9Ef76999e9A4Df282A5CFBD263053CCe6fd279C","0xb94FC0e2F922daBFDa11710dEC17AF194","0xd005393373f414b69460328Fbf8d635915707f44","","10","$0.00","<img src='/assets/poly/images/svg/empty-token.svg?v=25.3.2.1' width='18' height='18' class='rounded-circle'>ERC-20: DEF...URY"
"0x4cbb862368f4b3d1bba7d37bf13f586a85b142e9b5493f1650f89738fd3c491d","Success","Multicall","69153848","2025-03-17 09:07:19","0xb9Ef76999e9A4Df282A5CFBD263053CCe6fd279C","0xb94FC0e2F922daBFDa11710dEC17AF194","0xCffc8FAf97aab98B978B9672B23127772892FAF4","","40","$0.00","<img src='/assets/poly/images/svg/empty-token.svg?v=25.3.2.1' width='18' height='18' class='rounded-circle'>ERC-20: DEF...URY"
"0x4cbb862368f4b3d1bba7d37bf13f586a85b142e9b5493f1650f89738fd3c491d","Success","Multicall","69153848","2025-03-17 09:07:19","0xb9Ef76999e9A4Df282A5CFBD263053CCe6fd279C","0xb94FC0e2F922daBFDa11710dEC17AF194","0xcFeBA2DBf3b36666462D90c4EB12891Ffcab3210","","10","$0.00","<img src='/assets/poly/images/svg/empty-token.svg?v=25.3.2.1' width='18' height='18' class='rounded-circle'>ERC-20: DEF...URY"
"0x4cbb862368f4b3d1bba7d37bf13f586a85b142e9b5493f1650f89738fd3c491d","Success","Multicall","69153848","2025-03-17 09:07:19","0xb9Ef76999e9A4Df282A5CFBD263053CCe6fd279C","0xb94FC0e2F922daBFDa11710dEC17AF194","0xcfD13532d19a03565DB223977ddD9FeB421c4EE7","","10","$0.00","<img src='/assets/poly/images/svg/empty-token.svg?v=25.3.2.1' width='18' height='18' class='rounded-circle'>ERC-20: DEF...URY"
"0x4cbb862368f4b3d1bba7d37bf13f586a85b142e9b5493f1650f89738fd3c491d","Success","Multicall","69153848","2025-03-17 09:07:19","0xb9Ef76999e9A4Df282A5CFBD263053CCe6fd279C","0xb94FC0e2F922daBFDa11710dEC17AF194","0xCFCB853C08e25834Cb2A20C9C917B39CAa51463d","","20","$0.00","<img src='/assets/poly/images/svg/empty-token.svg?v=25.3.2.1' width='18' height='18' class='rounded-circle'>ERC-20: DEF...URY"
"0x4cbb862368f4b3d1bba7d37bf13f586a85b142e9b5493f1650f89738fd3c491d","Success","Multicall","69153848","2025-03-17 09:07:19","0xb9Ef76999e9A4Df282A5CFBD263053CCe6fd279C","0xb94FC0e2F922daBFDa11710dEC17AF194","0xc6ce3D45a8e4FF9442CaD10F7af8e6cCc7788F35","","50","$0.00","<img src='/assets/poly/images/svg/empty-token.svg?v=25.3.2.1' width='18' height='18' class='rounded-circle'>ERC-20: DEF...URY"